{
    "eval/loss": 2.6861136840737383,
    "eval/epoch": 9,
    "eval/accuracy": 0.3116883116883117,
    "eval/roc_auc": 0.734514131251843,
    "eval/pr_auc": 0.07730065557794563,
    "eval/acc_k": 0.3116883116883117,
    "eval/acc_k3": 0.4231032125768968,
    "eval/acc_k5": 0.46958304853041694
}